flight_id,flight_name,price,departure_airport,arrival_airport,airline_code,departure_time,arrival_time
1,NA101,15000.00,KTM,DEL,NA,"2026-08-01 08:00:00","2026-08-01 09:30:00"
2,NA102,15500.00,DEL,KTM,NA,"2026-08-01 11:00:00","2026-08-01 12:30:00"
6,BG505,20000.00,KTM,DAC,BG,"2026-08-05 10:00:00","2026-08-05 12:00:00"
5,TG404,32000.00,KTM,BKK,TG,"2026-08-04 14:00:00","2026-08-04 18:30:00"
3,QA202,45000.00,KTM,DOH,QA,"2026-08-02 02:15:00","2026-08-02 05:45:00"
8,QA204,47000.00,DOH,KTM,QA,"2026-08-07 20:00:00","2026-08-07 23:30:00"
4,EK303,48000.00,KTM,DXB,EK,"2026-08-03 03:30:00","2026-08-03 07:00:00"
7,EK306,55000.00,DXB,SIN,EK,"2026-08-06 09:00:00","2026-08-06 18:00:00"
